id,group_id,scale_id,time_id,score
s101,1,im,1,5
s101,1,im,2,5.43
s101,1,im,3,6
s101,1,im,4,5.71
s101,1,pc,1,2.67
s101,1,pc,2,3.67
s101,1,pc,3,4
s101,1,pc,4,3.83
s101,1,pa,1,5.75
s101,1,pa,2,6.5
s101,1,pa,3,6.5
s101,1,pa,4,6.5
s102,1,im,1,6.14
s102,1,im,2,6.43
s102,1,im,3,6.29
s102,1,im,4,6.29
s102,1,pc,1,5.5
s102,1,pc,2,4.33
s102,1,pc,3,4.83
s102,1,pc,4,4.83
s102,1,pa,1,6.5
s102,1,pa,2,6
s102,1,pa,3,6.75
s102,1,pa,4,5.75
s103,1,im,1,4.29
s103,1,im,2,4.43
s103,1,im,3,4.43
s103,1,im,4,4.29
s103,1,pc,1,2.17
s103,1,pc,2,3.33
s103,1,pc,3,5.17
s103,1,pc,4,4.17
s103,1,pa,1,5.25
s103,1,pa,2,5
s103,1,pa,3,6.75
s103,1,pa,4,6.75
s104,1,im,1,4.71
s104,1,im,2,3.71
s104,1,im,3,3.71
s104,1,im,4,4.14
s104,1,pc,1,2.67
s104,1,pc,2,2.33
s104,1,pc,3,3.5
s104,1,pc,4,3.17
s104,1,pa,1,4.75
s104,1,pa,2,5
s104,1,pa,3,4
s104,1,pa,4,4.5
s105,1,im,1,4.71
s105,1,im,2,5.57
s105,1,im,3,5.43
s105,1,im,4,5.29
s105,1,pc,1,4
s105,1,pc,2,5.17
s105,1,pc,3,5.5
s105,1,pc,4,4.83
s105,1,pa,1,6
s105,1,pa,2,6.5
s105,1,pa,3,5.75
s105,1,pa,4,6.25
s106,1,im,1,4.71
s106,1,im,2,5
s106,1,im,3,4.29
s106,1,im,4,4.57
s106,1,pc,1,2.83
s106,1,pc,2,4
s106,1,pc,3,4.5
s106,1,pc,4,4.33
s106,1,pa,1,5.25
s106,1,pa,2,5.25
s106,1,pa,3,5.75
s106,1,pa,4,6.25
s107,1,im,1,4.29
s107,1,im,2,3.43
s107,1,im,3,3.43
s107,1,im,4,3.14
s107,1,pc,1,2.67
s107,1,pc,2,3.33
s107,1,pc,3,3.33
s107,1,pc,4,3.67
s107,1,pa,1,5.5
s107,1,pa,2,6.25
s107,1,pa,3,6
s107,1,pa,4,6
s108,1,im,1,5.43
s108,1,im,2,5.71
s108,1,im,3,5.71
s108,1,im,4,6
s108,1,pc,1,3
s108,1,pc,2,3.67
s108,1,pc,3,4.33
s108,1,pc,4,3.17
s108,1,pa,1,4.5
s108,1,pa,2,5.25
s108,1,pa,3,6.25
s108,1,pa,4,6
s109,1,im,1,4.86
s109,1,im,2,5.14
s109,1,im,3,5.71
s109,1,im,4,5.86
s109,1,pc,1,2.33
s109,1,pc,2,2.83
s109,1,pc,3,1.67
s109,1,pc,4,2.67
s109,1,pa,1,5.25
s109,1,pa,2,5.75
s109,1,pa,3,5.25
s109,1,pa,4,4.75
s110,1,im,1,6
s110,1,im,2,6
s110,1,im,3,6.14
s110,1,im,4,6.14
s110,1,pc,1,5.83
s110,1,pc,2,5.83
s110,1,pc,3,6.33
s110,1,pc,4,6.33
s110,1,pa,1,7
s110,1,pa,2,7
s110,1,pa,3,7
s110,1,pa,4,7
s111,1,im,1,4.86
s111,1,im,2,4.86
s111,1,im,3,5.71
s111,1,im,4,5.29
s111,1,pc,1,3.83
s111,1,pc,2,3.83
s111,1,pc,3,4.83
s111,1,pc,4,4.17
s111,1,pa,1,3.75
s111,1,pa,2,3.75
s111,1,pa,3,4.25
s111,1,pa,4,3.5
s112,1,im,1,5.86
s112,1,im,2,6
s112,1,im,3,5.71
s112,1,im,4,5.86
s112,1,pc,1,4.33
s112,1,pc,2,4.67
s112,1,pc,3,4.67
s112,1,pc,4,4.5
s112,1,pa,1,5.5
s112,1,pa,2,6
s112,1,pa,3,6
s112,1,pa,4,6
s113,1,im,1,4.14
s113,1,im,2,4.71
s113,1,im,3,4.71
s113,1,im,4,5
s113,1,pc,1,2.5
s113,1,pc,2,3
s113,1,pc,3,3.33
s113,1,pc,4,3.5
s113,1,pa,1,4.5
s113,1,pa,2,4.25
s113,1,pa,3,5
s113,1,pa,4,5
s114,1,im,1,5.71
s114,1,im,2,6.14
s114,1,im,3,6.14
s114,1,im,4,5.43
s114,1,pc,1,3.67
s114,1,pc,2,4.17
s114,1,pc,3,5.33
s114,1,pc,4,4.83
s114,1,pa,1,5.75
s114,1,pa,2,5.75
s114,1,pa,3,5.75
s114,1,pa,4,5.25
s115,1,im,1,5.71
s115,1,im,2,6.29
s115,1,im,3,6.57
s115,1,im,4,6.57
s115,1,pc,1,4.5
s115,1,pc,2,4.5
s115,1,pc,3,5.83
s115,1,pc,4,6.17
s115,1,pa,1,6.5
s115,1,pa,2,6.5
s115,1,pa,3,7
s115,1,pa,4,6.75
s116,1,im,1,4.14
s116,1,im,2,3.43
s116,1,im,3,3.43
s116,1,im,4,3.43
s116,1,pc,1,3.17
s116,1,pc,2,3.33
s116,1,pc,3,3.5
s116,1,pc,4,3.5
s116,1,pa,1,3.75
s116,1,pa,2,5
s116,1,pa,3,4.75
s116,1,pa,4,4.25
s117,1,im,1,4.14
s117,1,im,2,4.43
s117,1,im,3,3.86
s117,1,im,4,4.29
s117,1,pc,1,3.33
s117,1,pc,2,4.17
s117,1,pc,3,4.17
s117,1,pc,4,4.17
s117,1,pa,1,5.25
s117,1,pa,2,5
s117,1,pa,3,5
s117,1,pa,4,5.25
s118,1,im,1,4.29
s118,1,im,2,3.71
s118,1,im,3,3.86
s118,1,im,4,3.14
s118,1,pc,1,2.17
s118,1,pc,2,3.17
s118,1,pc,3,3.17
s118,1,pc,4,3
s118,1,pa,1,5.75
s118,1,pa,2,4.5
s118,1,pa,3,5.25
s118,1,pa,4,5.5
s119,1,im,1,4.71
s119,1,im,2,3.71
s119,1,im,3,4.14
s119,1,im,4,4.14
s119,1,pc,1,4.17
s119,1,pc,2,3.67
s119,1,pc,3,3.5
s119,1,pc,4,3.83
s119,1,pa,1,6.25
s119,1,pa,2,6
s119,1,pa,3,5
s119,1,pa,4,5.75
s120,1,im,1,5
s120,1,im,2,5.43
s120,1,im,3,4.86
s120,1,im,4,5.29
s120,1,pc,1,3.33
s120,1,pc,2,4.83
s120,1,pc,3,3.67
s120,1,pc,4,3.17
s120,1,pa,1,4.25
s120,1,pa,2,4.75
s120,1,pa,3,5.75
s120,1,pa,4,6
s121,1,im,1,5.43
s121,1,im,2,5.57
s121,1,im,3,5.57
s121,1,im,4,5.57
s121,1,pc,1,3.33
s121,1,pc,2,4.67
s121,1,pc,3,5.17
s121,1,pc,4,4.5
s121,1,pa,1,6
s121,1,pa,2,5.25
s121,1,pa,3,5.25
s121,1,pa,4,5.25
s122,1,im,1,5.86
s122,1,im,2,6.14
s122,1,im,3,7
s122,1,im,4,7
s122,1,pc,1,3.33
s122,1,pc,2,4.67
s122,1,pc,3,5.83
s122,1,pc,4,5
s122,1,pa,1,4.75
s122,1,pa,2,6.75
s122,1,pa,3,5
s122,1,pa,4,5.5
s123,1,im,1,4.71
s123,1,im,2,4.86
s123,1,im,3,5.43
s123,1,im,4,5
s123,1,pc,1,2.17
s123,1,pc,2,3.5
s123,1,pc,3,4.5
s123,1,pc,4,4.17
s123,1,pa,1,3.5
s123,1,pa,2,4.25
s123,1,pa,3,5.25
s123,1,pa,4,5
s124,1,im,1,5
s124,1,im,2,5.43
s124,1,im,3,4.14
s124,1,im,4,5.29
s124,1,pc,1,3.17
s124,1,pc,2,4.17
s124,1,pc,3,4.83
s124,1,pc,4,4.17
s124,1,pa,1,5.75
s124,1,pa,2,6
s124,1,pa,3,5.25
s124,1,pa,4,5.5
s125,1,im,1,6.71
s125,1,im,2,7
s125,1,im,3,6.29
s125,1,im,4,6.57
s125,1,pc,1,5.33
s125,1,pc,2,5.5
s125,1,pc,3,5.33
s125,1,pc,4,5.5
s125,1,pa,1,6.5
s125,1,pa,2,6.75
s125,1,pa,3,6.75
s125,1,pa,4,7
s126,1,im,1,5.71
s126,1,im,2,6
s126,1,im,3,6.14
s126,1,im,4,6.29
s126,1,pc,1,4.5
s126,1,pc,2,5.5
s126,1,pc,3,5.5
s126,1,pc,4,5.5
s126,1,pa,1,4.5
s126,1,pa,2,6
s126,1,pa,3,6.5
s126,1,pa,4,6.25
s127,1,im,1,4.71
s127,1,im,2,4.57
s127,1,im,3,5.86
s127,1,im,4,5.14
s127,1,pc,1,2.83
s127,1,pc,2,4.33
s127,1,pc,3,4.83
s127,1,pc,4,4.67
s127,1,pa,1,5
s127,1,pa,2,5
s127,1,pa,3,4.75
s127,1,pa,4,4.25
s128,1,im,1,5.29
s128,1,im,2,5
s128,1,im,3,5
s128,1,im,4,5.14
s128,1,pc,1,3.83
s128,1,pc,2,3.67
s128,1,pc,3,3.5
s128,1,pc,4,3.67
s128,1,pa,1,5.25
s128,1,pa,2,5.5
s128,1,pa,3,5.25
s128,1,pa,4,5.5
s129,1,im,1,6.14
s129,1,im,2,6.29
s129,1,im,3,6
s129,1,im,4,6
s129,1,pc,1,4.67
s129,1,pc,2,3.33
s129,1,pc,3,4.33
s129,1,pc,4,3.5
s129,1,pa,1,5
s129,1,pa,2,5.75
s129,1,pa,3,6.75
s129,1,pa,4,5.75
s130,1,im,1,3.43
s130,1,im,2,3.14
s130,1,im,3,3.71
s130,1,im,4,3.71
s130,1,pc,1,2.83
s130,1,pc,2,2.5
s130,1,pc,3,3.17
s130,1,pc,4,3.17
s130,1,pa,1,6.5
s130,1,pa,2,7
s130,1,pa,3,7
s130,1,pa,4,7
s131,1,im,1,5.29
s131,1,im,2,5
s131,1,im,3,5
s131,1,im,4,5
s131,1,pc,1,3.33
s131,1,pc,2,2.17
s131,1,pc,3,3.17
s131,1,pc,4,2.5
s131,1,pa,1,5
s131,1,pa,2,5
s131,1,pa,3,5
s131,1,pa,4,5.5
s132,1,im,1,4.29
s132,1,im,2,4.71
s132,1,im,3,4.86
s132,1,im,4,4.57
s132,1,pc,1,3.33
s132,1,pc,2,4.17
s132,1,pc,3,4
s132,1,pc,4,4.33
s132,1,pa,1,4.75
s132,1,pa,2,5.5
s132,1,pa,3,4.75
s132,1,pa,4,4
s133,1,im,1,5.29
s133,1,im,2,5.43
s133,1,im,3,5.29
s133,1,im,4,5.71
s133,1,pc,1,3.83
s133,1,pc,2,4.67
s133,1,pc,3,4.67
s133,1,pc,4,4.5
s133,1,pa,1,6
s133,1,pa,2,6.75
s133,1,pa,3,6.75
s133,1,pa,4,7
s134,1,im,1,6.14
s134,1,im,2,6.29
s134,1,im,3,6.29
s134,1,im,4,6
s134,1,pc,1,4
s134,1,pc,2,4.33
s134,1,pc,3,4.67
s134,1,pc,4,4.33
s134,1,pa,1,5.75
s134,1,pa,2,5
s134,1,pa,3,5.5
s134,1,pa,4,5.25
s135,1,im,1,3.71
s135,1,im,2,3.86
s135,1,im,3,3.71
s135,1,im,4,3.29
s135,1,pc,1,2.17
s135,1,pc,2,2.67
s135,1,pc,3,3.17
s135,1,pc,4,3.33
s135,1,pa,1,5.75
s135,1,pa,2,5.75
s135,1,pa,3,6
s135,1,pa,4,6
s136,1,im,1,4.29
s136,1,im,2,3.86
s136,1,im,3,1.86
s136,1,im,4,2.29
s136,1,pc,1,3.17
s136,1,pc,2,3.67
s136,1,pc,3,2.5
s136,1,pc,4,3.17
s136,1,pa,1,4
s136,1,pa,2,3
s136,1,pa,3,3.25
s136,1,pa,4,3.5
s137,1,im,1,4.57
s137,1,im,2,5.29
s137,1,im,3,5.29
s137,1,im,4,5.14
s137,1,pc,1,1.83
s137,1,pc,2,2.83
s137,1,pc,3,2.5
s137,1,pc,4,2.33
s137,1,pa,1,3.25
s137,1,pa,2,3.75
s137,1,pa,3,4.5
s137,1,pa,4,4.25
s138,1,im,1,5
s138,1,im,2,4.57
s138,1,im,3,4.71
s138,1,im,4,4.29
s138,1,pc,1,3
s138,1,pc,2,2.83
s138,1,pc,3,4.5
s138,1,pc,4,3.33
s138,1,pa,1,6.25
s138,1,pa,2,4.25
s138,1,pa,3,6.75
s138,1,pa,4,7
s139,1,im,1,4.71
s139,1,im,2,4.86
s139,1,im,3,5.43
s139,1,im,4,4.86
s139,1,pc,1,4.5
s139,1,pc,2,5
s139,1,pc,3,5.33
s139,1,pc,4,5.17
s139,1,pa,1,5.75
s139,1,pa,2,6.5
s139,1,pa,3,6.5
s139,1,pa,4,6.5
s140,1,im,1,4.86
s140,1,im,2,3.43
s140,1,im,3,3
s140,1,im,4,3.43
s140,1,pc,1,1.17
s140,1,pc,2,1.33
s140,1,pc,3,1.83
s140,1,pc,4,2
s140,1,pa,1,5.75
s140,1,pa,2,6
s140,1,pa,3,6
s140,1,pa,4,5.25
s141,1,im,1,6.43
s141,1,im,2,6.86
s141,1,im,3,6.86
s141,1,im,4,6.86
s141,1,pc,1,4.5
s141,1,pc,2,4.5
s141,1,pc,3,5.5
s141,1,pc,4,5
s141,1,pa,1,4.75
s141,1,pa,2,6.75
s141,1,pa,3,6.25
s141,1,pa,4,7
s142,1,im,1,4.14
s142,1,im,2,2.71
s142,1,im,3,2.57
s142,1,im,4,3
s142,1,pc,1,4.83
s142,1,pc,2,4.83
s142,1,pc,3,5.67
s142,1,pc,4,5
s142,1,pa,1,2.5
s142,1,pa,2,2.5
s142,1,pa,3,3.75
s142,1,pa,4,3.25
s143,1,im,1,5.57
s143,1,im,2,5.86
s143,1,im,3,5.86
s143,1,im,4,5.86
s143,1,pc,1,4
s143,1,pc,2,4.5
s143,1,pc,3,4.67
s143,1,pc,4,4.67
s143,1,pa,1,5.75
s143,1,pa,2,5.5
s143,1,pa,3,5.25
s143,1,pa,4,5.25
s144,1,im,1,4.14
s144,1,im,2,5
s144,1,im,3,5.14
s144,1,im,4,4.86
s144,1,pc,1,4.83
s144,1,pc,2,5
s144,1,pc,3,4.33
s144,1,pc,4,4.67
s144,1,pa,1,5.5
s144,1,pa,2,5.75
s144,1,pa,3,6.5
s144,1,pa,4,5.75
s145,1,im,1,4.71
s145,1,im,2,5
s145,1,im,3,5.71
s145,1,im,4,5.14
s145,1,pc,1,3
s145,1,pc,2,3.83
s145,1,pc,3,4
s145,1,pc,4,3.17
s145,1,pa,1,5.25
s145,1,pa,2,4.5
s145,1,pa,3,5
s145,1,pa,4,5.75
s146,1,im,1,4.43
s146,1,im,2,4.43
s146,1,im,3,5
s146,1,im,4,4.71
s146,1,pc,1,2.83
s146,1,pc,2,3.83
s146,1,pc,3,5
s146,1,pc,4,4.33
s146,1,pa,1,5.25
s146,1,pa,2,5.5
s146,1,pa,3,6.5
s146,1,pa,4,6.5
s147,1,im,1,5.29
s147,1,im,2,4.71
s147,1,im,3,3.43
s147,1,im,4,3.29
s147,1,pc,1,2.5
s147,1,pc,2,3.17
s147,1,pc,3,3.33
s147,1,pc,4,3.33
s147,1,pa,1,3.75
s147,1,pa,2,5
s147,1,pa,3,5
s147,1,pa,4,5
s148,1,im,1,6.43
s148,1,im,2,6.43
s148,1,im,3,6.14
s148,1,im,4,6.29
s148,1,pc,1,2.33
s148,1,pc,2,3.17
s148,1,pc,3,4
s148,1,pc,4,3.33
s148,1,pa,1,3.75
s148,1,pa,2,4.75
s148,1,pa,3,4.25
s148,1,pa,4,4.25
s149,1,im,1,6.14
s149,1,im,2,6.14
s149,1,im,3,5.86
s149,1,im,4,6
s149,1,pc,1,3.83
s149,1,pc,2,3.83
s149,1,pc,3,4.33
s149,1,pc,4,4.33
s149,1,pa,1,6.5
s149,1,pa,2,6.25
s149,1,pa,3,6.5
s149,1,pa,4,6
s150,1,im,1,3.14
s150,1,im,2,4
s150,1,im,3,4.71
s150,1,im,4,4.14
s150,1,pc,1,2.17
s150,1,pc,2,3.17
s150,1,pc,3,3.67
s150,1,pc,4,3.17
s150,1,pa,1,4
s150,1,pa,2,4.5
s150,1,pa,3,4.75
s150,1,pa,4,5
s201,2,im,1,6.43
s201,2,im,2,6.29
s201,2,im,3,6.57
s201,2,im,4,6.29
s201,2,pc,1,3.33
s201,2,pc,2,4.83
s201,2,pc,3,4.67
s201,2,pc,4,4.33
s201,2,pa,1,7
s201,2,pa,2,6.5
s201,2,pa,3,7
s201,2,pa,4,7
s202,2,im,1,4.71
s202,2,im,2,3.86
s202,2,im,3,3.57
s202,2,im,4,3.43
s202,2,pc,1,1.83
s202,2,pc,2,2.67
s202,2,pc,3,2.83
s202,2,pc,4,2.17
s202,2,pa,1,7
s202,2,pa,2,7
s202,2,pa,3,7
s202,2,pa,4,7
s203,2,im,1,5
s203,2,im,2,5.29
s203,2,im,3,4.43
s203,2,im,4,4.86
s203,2,pc,1,2
s203,2,pc,2,2.5
s203,2,pc,3,4.33
s203,2,pc,4,4
s203,2,pa,1,5.75
s203,2,pa,2,6
s203,2,pa,3,5.75
s203,2,pa,4,5.25
s204,2,im,1,4.29
s204,2,im,2,5.57
s204,2,im,3,6.29
s204,2,im,4,5.86
s204,2,pc,1,1.33
s204,2,pc,2,1.5
s204,2,pc,3,2.17
s204,2,pc,4,1.33
s204,2,pa,1,4
s204,2,pa,2,2.5
s204,2,pa,3,2.5
s204,2,pa,4,2.75
s205,2,im,1,4.71
s205,2,im,2,4.86
s205,2,im,3,6.14
s205,2,im,4,5.43
s205,2,pc,1,3.67
s205,2,pc,2,4.33
s205,2,pc,3,5.83
s205,2,pc,4,4.83
s205,2,pa,1,4.25
s205,2,pa,2,4.75
s205,2,pa,3,5
s205,2,pa,4,4
s206,2,im,1,4.29
s206,2,im,2,4.14
s206,2,im,3,3.86
s206,2,im,4,3.57
s206,2,pc,1,2
s206,2,pc,2,4
s206,2,pc,3,3.5
s206,2,pc,4,3.17
s206,2,pa,1,5.25
s206,2,pa,2,4.5
s206,2,pa,3,4.25
s206,2,pa,4,4.5
s207,2,im,1,3
s207,2,im,2,2.71
s207,2,im,3,2.86
s207,2,im,4,2.57
s207,2,pc,1,1.67
s207,2,pc,2,1.83
s207,2,pc,3,3.5
s207,2,pc,4,2.5
s207,2,pa,1,4.75
s207,2,pa,2,4
s207,2,pa,3,4.5
s207,2,pa,4,4.75
s208,2,im,1,6.71
s208,2,im,2,6.29
s208,2,im,3,6.71
s208,2,im,4,6.57
s208,2,pc,1,4.67
s208,2,pc,2,4.33
s208,2,pc,3,4.67
s208,2,pc,4,4.5
s208,2,pa,1,7
s208,2,pa,2,7
s208,2,pa,3,7
s208,2,pa,4,7
s209,2,im,1,3.57
s209,2,im,2,3.71
s209,2,im,3,3.57
s209,2,im,4,3.71
s209,2,pc,1,1.67
s209,2,pc,2,3
s209,2,pc,3,2.67
s209,2,pc,4,2.17
s209,2,pa,1,3.75
s209,2,pa,2,3.25
s209,2,pa,3,3.5
s209,2,pa,4,3.75
s210,2,im,1,4
s210,2,im,2,5.14
s210,2,im,3,3.14
s210,2,im,4,4.29
s210,2,pc,1,3.67
s210,2,pc,2,3.83
s210,2,pc,3,4.33
s210,2,pc,4,3.5
s210,2,pa,1,4
s210,2,pa,2,4.5
s210,2,pa,3,5.25
s210,2,pa,4,6
s211,2,im,1,5
s211,2,im,2,5
s211,2,im,3,5.14
s211,2,im,4,5
s211,2,pc,1,2.17
s211,2,pc,2,3.17
s211,2,pc,3,3.5
s211,2,pc,4,3
s211,2,pa,1,5
s211,2,pa,2,3.75
s211,2,pa,3,4.25
s211,2,pa,4,3.25
s212,2,im,1,4.86
s212,2,im,2,5
s212,2,im,3,6.29
s212,2,im,4,5.71
s212,2,pc,1,3.33
s212,2,pc,2,3.33
s212,2,pc,3,4.5
s212,2,pc,4,4.83
s212,2,pa,1,4.25
s212,2,pa,2,4.75
s212,2,pa,3,5
s212,2,pa,4,4.75
s213,2,im,1,4.86
s213,2,im,2,4.57
s213,2,im,3,5
s213,2,im,4,4.71
s213,2,pc,1,1.83
s213,2,pc,2,2.83
s213,2,pc,3,2.17
s213,2,pc,4,2.17
s213,2,pa,1,4.75
s213,2,pa,2,4.75
s213,2,pa,3,4.75
s213,2,pa,4,4.25
s214,2,im,1,6.57
s214,2,im,2,7
s214,2,im,3,7
s214,2,im,4,7
s214,2,pc,1,2.5
s214,2,pc,2,3.17
s214,2,pc,3,3.67
s214,2,pc,4,4
s214,2,pa,1,3.25
s214,2,pa,2,2.75
s214,2,pa,3,3.5
s214,2,pa,4,4.25
s215,2,im,1,5.29
s215,2,im,2,3.57
s215,2,im,3,3.14
s215,2,im,4,4.29
s215,2,pc,1,2.5
s215,2,pc,2,3.67
s215,2,pc,3,3.83
s215,2,pc,4,3.5
s215,2,pa,1,5.25
s215,2,pa,2,5
s215,2,pa,3,5.5
s215,2,pa,4,5.25
s216,2,im,1,3.71
s216,2,im,2,4
s216,2,im,3,3.14
s216,2,im,4,3.29
s216,2,pc,1,3.17
s216,2,pc,2,3
s216,2,pc,3,3.67
s216,2,pc,4,3.67
s216,2,pa,1,2.5
s216,2,pa,2,2.75
s216,2,pa,3,3.5
s216,2,pa,4,3
s217,2,im,1,3.57
s217,2,im,2,3.86
s217,2,im,3,4.57
s217,2,im,4,4.43
s217,2,pc,1,2.17
s217,2,pc,2,3
s217,2,pc,3,4
s217,2,pc,4,4
s217,2,pa,1,4.25
s217,2,pa,2,3.75
s217,2,pa,3,4.25
s217,2,pa,4,4.5
s218,2,im,1,5.86
s218,2,im,2,4.86
s218,2,im,3,4.14
s218,2,im,4,4.29
s218,2,pc,1,4.83
s218,2,pc,2,5.17
s218,2,pc,3,4.83
s218,2,pc,4,5.17
s218,2,pa,1,6
s218,2,pa,2,6.25
s218,2,pa,3,5.75
s218,2,pa,4,6
s219,2,im,1,5.57
s219,2,im,2,6.14
s219,2,im,3,6
s219,2,im,4,6
s219,2,pc,1,3.17
s219,2,pc,2,4.33
s219,2,pc,3,4.83
s219,2,pc,4,4.33
s219,2,pa,1,5.25
s219,2,pa,2,4.5
s219,2,pa,3,4.5
s219,2,pa,4,4.75
s220,2,im,1,4.71
s220,2,im,2,4.71
s220,2,im,3,4.57
s220,2,im,4,4.57
s220,2,pc,1,3.17
s220,2,pc,2,3.83
s220,2,pc,3,3.67
s220,2,pc,4,4
s220,2,pa,1,4.5
s220,2,pa,2,4.25
s220,2,pa,3,3.75
s220,2,pa,4,3.75
s221,2,im,1,4
s221,2,im,2,3.86
s221,2,im,3,4
s221,2,im,4,3.57
s221,2,pc,1,3
s221,2,pc,2,3.33
s221,2,pc,3,3.17
s221,2,pc,4,3.17
s221,2,pa,1,5
s221,2,pa,2,5
s221,2,pa,3,5.25
s221,2,pa,4,5.5
s222,2,im,1,4.29
s222,2,im,2,5.43
s222,2,im,3,6.86
s222,2,im,4,6.57
s222,2,pc,1,3
s222,2,pc,2,5.17
s222,2,pc,3,5.67
s222,2,pc,4,5.33
s222,2,pa,1,4
s222,2,pa,2,5.5
s222,2,pa,3,5.5
s222,2,pa,4,5
s223,2,im,1,4.71
s223,2,im,2,4.71
s223,2,im,3,4.43
s223,2,im,4,3.86
s223,2,pc,1,4.5
s223,2,pc,2,4.67
s223,2,pc,3,5
s223,2,pc,4,5
s223,2,pa,1,5.25
s223,2,pa,2,5
s223,2,pa,3,5.25
s223,2,pa,4,5
s224,2,im,1,4.14
s224,2,im,2,4
s224,2,im,3,3.86
s224,2,im,4,3.29
s224,2,pc,1,1.33
s224,2,pc,2,1.83
s224,2,pc,3,2.17
s224,2,pc,4,1.83
s224,2,pa,1,6
s224,2,pa,2,4.5
s224,2,pa,3,3.75
s224,2,pa,4,4
s225,2,im,1,2.86
s225,2,im,2,3.71
s225,2,im,3,4.14
s225,2,im,4,3.86
s225,2,pc,1,1.5
s225,2,pc,2,2
s225,2,pc,3,2.83
s225,2,pc,4,2.67
s225,2,pa,1,5.25
s225,2,pa,2,5.75
s225,2,pa,3,5.5
s225,2,pa,4,5.5
s226,2,im,1,4.86
s226,2,im,2,4.86
s226,2,im,3,5.43
s226,2,im,4,5.14
s226,2,pc,1,3.17
s226,2,pc,2,2.83
s226,2,pc,3,3.83
s226,2,pc,4,3.67
s226,2,pa,1,4.5
s226,2,pa,2,4.25
s226,2,pa,3,4.5
s226,2,pa,4,4.75
s227,2,im,1,5.14
s227,2,im,2,5.29
s227,2,im,3,4.71
s227,2,im,4,4.29
s227,2,pc,1,3.33
s227,2,pc,2,3
s227,2,pc,3,3.33
s227,2,pc,4,3.5
s227,2,pa,1,6
s227,2,pa,2,5.75
s227,2,pa,3,5.75
s227,2,pa,4,5.5
s228,2,im,1,5.14
s228,2,im,2,5.29
s228,2,im,3,5
s228,2,im,4,5.14
s228,2,pc,1,2.5
s228,2,pc,2,2.5
s228,2,pc,3,2.83
s228,2,pc,4,2.33
s228,2,pa,1,4.5
s228,2,pa,2,4
s228,2,pa,3,3.5
s228,2,pa,4,3.5
s229,2,im,1,6
s229,2,im,2,4.57
s229,2,im,3,4.14
s229,2,im,4,4
s229,2,pc,1,2
s229,2,pc,2,2
s229,2,pc,3,2.67
s229,2,pc,4,2.67
s229,2,pa,1,7
s229,2,pa,2,7
s229,2,pa,3,7
s229,2,pa,4,7
s230,2,im,1,5.86
s230,2,im,2,4.71
s230,2,im,3,5.29
s230,2,im,4,5.71
s230,2,pc,1,4.33
s230,2,pc,2,3.33
s230,2,pc,3,4.5
s230,2,pc,4,4.17
s230,2,pa,1,7
s230,2,pa,2,7
s230,2,pa,3,7
s230,2,pa,4,7
s231,2,im,1,5.86
s231,2,im,2,6.14
s231,2,im,3,5.57
s231,2,im,4,5.71
s231,2,pc,1,5.67
s231,2,pc,2,3.83
s231,2,pc,3,4
s231,2,pc,4,4.83
s231,2,pa,1,5.5
s231,2,pa,2,6.25
s231,2,pa,3,6
s231,2,pa,4,6.25
s232,2,im,1,5.43
s232,2,im,2,4.86
s232,2,im,3,6
s232,2,im,4,5.29
s232,2,pc,1,2.33
s232,2,pc,2,1.67
s232,2,pc,3,3.5
s232,2,pc,4,2.83
s232,2,pa,1,6.5
s232,2,pa,2,6.5
s232,2,pa,3,6
s232,2,pa,4,4.75
s233,2,im,1,6.29
s233,2,im,2,6.29
s233,2,im,3,6.29
s233,2,im,4,6.29
s233,2,pc,1,3.5
s233,2,pc,2,4
s233,2,pc,3,3.67
s233,2,pc,4,3.67
s233,2,pa,1,7
s233,2,pa,2,7
s233,2,pa,3,7
s233,2,pa,4,7
s234,2,im,1,5.14
s234,2,im,2,4.71
s234,2,im,3,5.14
s234,2,im,4,5
s234,2,pc,1,2.5
s234,2,pc,2,3.67
s234,2,pc,3,4
s234,2,pc,4,3.33
s234,2,pa,1,2.75
s234,2,pa,2,3
s234,2,pa,3,2
s234,2,pa,4,2.25
s235,2,im,1,2.71
s235,2,im,2,3
s235,2,im,3,2.71
s235,2,im,4,2.71
s235,2,pc,1,1.83
s235,2,pc,2,2
s235,2,pc,3,1.5
s235,2,pc,4,2
s235,2,pa,1,4.75
s235,2,pa,2,3.5
s235,2,pa,3,4
s235,2,pa,4,4
s236,2,im,1,6.14
s236,2,im,2,5.71
s236,2,im,3,6
s236,2,im,4,5.86
s236,2,pc,1,3.17
s236,2,pc,2,2.67
s236,2,pc,3,4
s236,2,pc,4,3.33
s236,2,pa,1,4.25
s236,2,pa,2,4.5
s236,2,pa,3,4.75
s236,2,pa,4,5
s237,2,im,1,6.14
s237,2,im,2,5.86
s237,2,im,3,5.14
s237,2,im,4,5.43
s237,2,pc,1,5.67
s237,2,pc,2,6.33
s237,2,pc,3,6.5
s237,2,pc,4,6
s237,2,pa,1,6.75
s237,2,pa,2,6.25
s237,2,pa,3,7
s237,2,pa,4,6.5
s238,2,im,1,7
s238,2,im,2,7
s238,2,im,3,7
s238,2,im,4,7
s238,2,pc,1,5.17
s238,2,pc,2,5.17
s238,2,pc,3,5
s238,2,pc,4,5
s238,2,pa,1,6.5
s238,2,pa,2,7
s238,2,pa,3,7
s238,2,pa,4,7
s239,2,im,1,4.43
s239,2,im,2,4
s239,2,im,3,4.29
s239,2,im,4,4.14
s239,2,pc,1,3
s239,2,pc,2,3.17
s239,2,pc,3,3.17
s239,2,pc,4,3.17
s239,2,pa,1,7
s239,2,pa,2,6.75
s239,2,pa,3,7
s239,2,pa,4,7
s240,2,im,1,5.29
s240,2,im,2,4.71
s240,2,im,3,4.71
s240,2,im,4,4.86
s240,2,pc,1,2.5
s240,2,pc,2,2.5
s240,2,pc,3,2.67
s240,2,pc,4,2
s240,2,pa,1,7
s240,2,pa,2,7
s240,2,pa,3,7
s240,2,pa,4,7
s241,2,im,1,5.29
s241,2,im,2,5.71
s241,2,im,3,5.86
s241,2,im,4,6
s241,2,pc,1,4.33
s241,2,pc,2,4.17
s241,2,pc,3,4
s241,2,pc,4,4.33
s241,2,pa,1,5.25
s241,2,pa,2,5.75
s241,2,pa,3,6
s241,2,pa,4,6
s242,2,im,1,4.57
s242,2,im,2,4.43
s242,2,im,3,4.29
s242,2,im,4,4.29
s242,2,pc,1,2.5
s242,2,pc,2,2.83
s242,2,pc,3,4
s242,2,pc,4,3.17
s242,2,pa,1,6
s242,2,pa,2,4.75
s242,2,pa,3,5.25
s242,2,pa,4,5
s243,2,im,1,4.71
s243,2,im,2,4.57
s243,2,im,3,4.43
s243,2,im,4,4
s243,2,pc,1,3.5
s243,2,pc,2,4
s243,2,pc,3,4.33
s243,2,pc,4,3.83
s243,2,pa,1,5
s243,2,pa,2,4
s243,2,pa,3,3
s243,2,pa,4,2.5
s244,2,im,1,5.86
s244,2,im,2,5.29
s244,2,im,3,5
s244,2,im,4,5.57
s244,2,pc,1,4.83
s244,2,pc,2,3.83
s244,2,pc,3,3.83
s244,2,pc,4,5.67
s244,2,pa,1,4
s244,2,pa,2,4.25
s244,2,pa,3,4.25
s244,2,pa,4,3.75
s245,2,im,1,5.14
s245,2,im,2,5.14
s245,2,im,3,5
s245,2,im,4,5.14
s245,2,pc,1,4.83
s245,2,pc,2,4.5
s245,2,pc,3,4.5
s245,2,pc,4,4.33
s245,2,pa,1,6
s245,2,pa,2,6.5
s245,2,pa,3,7
s245,2,pa,4,7
s246,2,im,1,5.86
s246,2,im,2,4.71
s246,2,im,3,5
s246,2,im,4,4.86
s246,2,pc,1,5.5
s246,2,pc,2,4.33
s246,2,pc,3,5
s246,2,pc,4,4.67
s246,2,pa,1,4.75
s246,2,pa,2,5.25
s246,2,pa,3,4.75
s246,2,pa,4,4.5
s247,2,im,1,4.57
s247,2,im,2,5.14
s247,2,im,3,5.29
s247,2,im,4,5.43
s247,2,pc,1,2.33
s247,2,pc,2,2.5
s247,2,pc,3,3.67
s247,2,pc,4,3.17
s247,2,pa,1,4.5
s247,2,pa,2,4.75
s247,2,pa,3,4.25
s247,2,pa,4,4.75
s248,2,im,1,6.14
s248,2,im,2,5.29
s248,2,im,3,5.57
s248,2,im,4,5
s248,2,pc,1,4
s248,2,pc,2,3.83
s248,2,pc,3,5
s248,2,pc,4,4.5
s248,2,pa,1,6.25
s248,2,pa,2,6
s248,2,pa,3,6
s248,2,pa,4,6
s249,2,im,1,5
s249,2,im,2,4.86
s249,2,im,3,4.71
s249,2,im,4,4.71
s249,2,pc,1,1.17
s249,2,pc,2,2.17
s249,2,pc,3,3.17
s249,2,pc,4,2.33
s249,2,pa,1,7
s249,2,pa,2,7
s249,2,pa,3,7
s249,2,pa,4,7
s250,2,im,1,5
s250,2,im,2,4.14
s250,2,im,3,4.43
s250,2,im,4,3.86
s250,2,pc,1,2.67
s250,2,pc,2,1.67
s250,2,pc,3,2.33
s250,2,pc,4,2.33
s250,2,pa,1,2.75
s250,2,pa,2,1.75
s250,2,pa,3,2
s250,2,pa,4,2
s301,3,im,1,5
s301,3,im,2,4.14
s301,3,im,3,3.57
s301,3,im,4,4.29
s301,3,pc,1,4.5
s301,3,pc,2,4.5
s301,3,pc,3,4
s301,3,pc,4,4.33
s301,3,pa,1,4.75
s301,3,pa,2,4.75
s301,3,pa,3,4.25
s301,3,pa,4,4.5
s302,3,im,1,7
s302,3,im,2,6.86
s302,3,im,3,7
s302,3,im,4,7
s302,3,pc,1,3.83
s302,3,pc,2,3.33
s302,3,pc,3,4.83
s302,3,pc,4,3.83
s302,3,pa,1,3.5
s302,3,pa,2,3.5
s302,3,pa,3,3.75
s302,3,pa,4,3.5
s303,3,im,1,5.86
s303,3,im,2,6.57
s303,3,im,3,6.43
s303,3,im,4,6.57
s303,3,pc,1,4.33
s303,3,pc,2,4.33
s303,3,pc,3,5.67
s303,3,pc,4,4.83
s303,3,pa,1,4.75
s303,3,pa,2,5
s303,3,pa,3,5
s303,3,pa,4,4.75
s304,3,im,1,6
s304,3,im,2,6.71
s304,3,im,3,7
s304,3,im,4,7
s304,3,pc,1,4
s304,3,pc,2,4.5
s304,3,pc,3,5
s304,3,pc,4,4.83
s304,3,pa,1,6.25
s304,3,pa,2,6.25
s304,3,pa,3,6.5
s304,3,pa,4,7
s305,3,im,1,4.43
s305,3,im,2,4.57
s305,3,im,3,3.71
s305,3,im,4,4.43
s305,3,pc,1,2
s305,3,pc,2,4
s305,3,pc,3,4.33
s305,3,pc,4,3.67
s305,3,pa,1,5.5
s305,3,pa,2,5.75
s305,3,pa,3,6.25
s305,3,pa,4,6
s306,3,im,1,4.71
s306,3,im,2,3.71
s306,3,im,3,4.14
s306,3,im,4,3.86
s306,3,pc,1,1.67
s306,3,pc,2,4.17
s306,3,pc,3,6.5
s306,3,pc,4,4.83
s306,3,pa,1,4.5
s306,3,pa,2,4
s306,3,pa,3,3.5
s306,3,pa,4,4
s307,3,im,1,4.86
s307,3,im,2,4.57
s307,3,im,3,4.14
s307,3,im,4,4.57
s307,3,pc,1,2.83
s307,3,pc,2,3.17
s307,3,pc,3,3.17
s307,3,pc,4,3
s307,3,pa,1,4.75
s307,3,pa,2,5
s307,3,pa,3,4.25
s307,3,pa,4,4.5
s308,3,im,1,4.43
s308,3,im,2,4.14
s308,3,im,3,3.29
s308,3,im,4,3.14
s308,3,pc,1,1.33
s308,3,pc,2,2.33
s308,3,pc,3,1.5
s308,3,pc,4,1.33
s308,3,pa,1,5.25
s308,3,pa,2,5.5
s308,3,pa,3,5
s308,3,pa,4,5
s309,3,im,1,6.71
s309,3,im,2,6.86
s309,3,im,3,6.57
s309,3,im,4,6.71
s309,3,pc,1,5.33
s309,3,pc,2,4.67
s309,3,pc,3,5.5
s309,3,pc,4,5.17
s309,3,pa,1,6.5
s309,3,pa,2,6.75
s309,3,pa,3,6
s309,3,pa,4,6
s310,3,im,1,6
s310,3,im,2,4.71
s310,3,im,3,4.43
s310,3,im,4,4.43
s310,3,pc,1,4
s310,3,pc,2,3.83
s310,3,pc,3,3.5
s310,3,pc,4,3.5
s310,3,pa,1,4.5
s310,3,pa,2,5
s310,3,pa,3,4.75
s310,3,pa,4,5.25
s311,3,im,1,5.14
s311,3,im,2,4.29
s311,3,im,3,4.57
s311,3,im,4,4.29
s311,3,pc,1,3.67
s311,3,pc,2,3.33
s311,3,pc,3,3.5
s311,3,pc,4,3.17
s311,3,pa,1,3
s311,3,pa,2,1.75
s311,3,pa,3,2
s311,3,pa,4,1.75
s312,3,im,1,4.71
s312,3,im,2,5.14
s312,3,im,3,5.14
s312,3,im,4,5.14
s312,3,pc,1,3.33
s312,3,pc,2,4.33
s312,3,pc,3,4.83
s312,3,pc,4,4.83
s312,3,pa,1,5
s312,3,pa,2,4.25
s312,3,pa,3,4
s312,3,pa,4,4
s313,3,im,1,4.86
s313,3,im,2,4.14
s313,3,im,3,4.43
s313,3,im,4,4.71
s313,3,pc,1,2.83
s313,3,pc,2,3.33
s313,3,pc,3,4.5
s313,3,pc,4,4.17
s313,3,pa,1,5.75
s313,3,pa,2,6.75
s313,3,pa,3,5.25
s313,3,pa,4,6.25
s314,3,im,1,4.29
s314,3,im,2,3.86
s314,3,im,3,3.71
s314,3,im,4,3.43
s314,3,pc,1,2
s314,3,pc,2,2.83
s314,3,pc,3,2.17
s314,3,pc,4,2.83
s314,3,pa,1,6.5
s314,3,pa,2,5.5
s314,3,pa,3,4.5
s314,3,pa,4,4.5
s315,3,im,1,5.86
s315,3,im,2,5.86
s315,3,im,3,5.71
s315,3,im,4,5.43
s315,3,pc,1,4
s315,3,pc,2,5.17
s315,3,pc,3,5.33
s315,3,pc,4,4.67
s315,3,pa,1,5.25
s315,3,pa,2,5.5
s315,3,pa,3,5.75
s315,3,pa,4,5.5
s316,3,im,1,4.86
s316,3,im,2,4.71
s316,3,im,3,5
s316,3,im,4,4.86
s316,3,pc,1,4
s316,3,pc,2,4.5
s316,3,pc,3,5.83
s316,3,pc,4,4.67
s316,3,pa,1,5.25
s316,3,pa,2,5
s316,3,pa,3,5.25
s316,3,pa,4,5
s317,3,im,1,5.14
s317,3,im,2,5.71
s317,3,im,3,5.57
s317,3,im,4,5.57
s317,3,pc,1,4.17
s317,3,pc,2,5.33
s317,3,pc,3,4.67
s317,3,pc,4,5.17
s317,3,pa,1,6.5
s317,3,pa,2,7
s317,3,pa,3,7
s317,3,pa,4,7
s318,3,im,1,4.57
s318,3,im,2,4.71
s318,3,im,3,4.86
s318,3,im,4,4.71
s318,3,pc,1,3.83
s318,3,pc,2,4
s318,3,pc,3,3.33
s318,3,pc,4,3.83
s318,3,pa,1,5.25
s318,3,pa,2,5
s318,3,pa,3,5
s318,3,pa,4,5.25
s319,3,im,1,5.29
s319,3,im,2,4.86
s319,3,im,3,4.86
s319,3,im,4,5
s319,3,pc,1,3.5
s319,3,pc,2,4
s319,3,pc,3,3.67
s319,3,pc,4,4
s319,3,pa,1,4.25
s319,3,pa,2,4.25
s319,3,pa,3,4
s319,3,pa,4,4
s320,3,im,1,4.57
s320,3,im,2,4.57
s320,3,im,3,4.57
s320,3,im,4,4.29
s320,3,pc,1,2
s320,3,pc,2,2.17
s320,3,pc,3,2.5
s320,3,pc,4,2.17
s320,3,pa,1,6.25
s320,3,pa,2,6.75
s320,3,pa,3,7
s320,3,pa,4,7
s321,3,im,1,5
s321,3,im,2,5
s321,3,im,3,4
s321,3,im,4,4
s321,3,pc,1,4.17
s321,3,pc,2,4.33
s321,3,pc,3,3
s321,3,pc,4,3.5
s321,3,pa,1,5
s321,3,pa,2,4
s321,3,pa,3,4
s321,3,pa,4,4.75
s322,3,im,1,6.14
s322,3,im,2,5.29
s322,3,im,3,5.29
s322,3,im,4,5.29
s322,3,pc,1,6
s322,3,pc,2,5
s322,3,pc,3,5
s322,3,pc,4,5.17
s322,3,pa,1,5.25
s322,3,pa,2,4.75
s322,3,pa,3,5
s322,3,pa,4,5
s323,3,im,1,2.71
s323,3,im,2,1
s323,3,im,3,1
s323,3,im,4,1
s323,3,pc,1,1
s323,3,pc,2,1
s323,3,pc,3,1
s323,3,pc,4,1
s323,3,pa,1,5.5
s323,3,pa,2,4.75
s323,3,pa,3,4.75
s323,3,pa,4,6
s324,3,im,1,6.29
s324,3,im,2,7
s324,3,im,3,5.14
s324,3,im,4,4.86
s324,3,pc,1,4
s324,3,pc,2,6.5
s324,3,pc,3,4.67
s324,3,pc,4,3.67
s324,3,pa,1,6.25
s324,3,pa,2,6.75
s324,3,pa,3,6.75
s324,3,pa,4,7
s325,3,im,1,5.29
s325,3,im,2,4.71
s325,3,im,3,4.86
s325,3,im,4,5
s325,3,pc,1,3.33
s325,3,pc,2,2.5
s325,3,pc,3,2.17
s325,3,pc,4,2.5
s325,3,pa,1,4.75
s325,3,pa,2,4.75
s325,3,pa,3,5
s325,3,pa,4,4.25
s326,3,im,1,3.86
s326,3,im,2,3.57
s326,3,im,3,3.57
s326,3,im,4,3.57
s326,3,pc,1,2.67
s326,3,pc,2,2.5
s326,3,pc,3,2.33
s326,3,pc,4,2.5
s326,3,pa,1,4.25
s326,3,pa,2,4
s326,3,pa,3,3.75
s326,3,pa,4,4
s327,3,im,1,4.57
s327,3,im,2,4.71
s327,3,im,3,5
s327,3,im,4,4.14
s327,3,pc,1,2.5
s327,3,pc,2,2.5
s327,3,pc,3,3.33
s327,3,pc,4,3.33
s327,3,pa,1,6.25
s327,3,pa,2,6.5
s327,3,pa,3,6.75
s327,3,pa,4,7
s328,3,im,1,5.57
s328,3,im,2,5.86
s328,3,im,3,6.29
s328,3,im,4,6.14
s328,3,pc,1,3.5
s328,3,pc,2,3.67
s328,3,pc,3,4.33
s328,3,pc,4,4.33
s328,3,pa,1,5.75
s328,3,pa,2,5.25
s328,3,pa,3,4.5
s328,3,pa,4,4.75
s329,3,im,1,3.14
s329,3,im,2,3.29
s329,3,im,3,3.57
s329,3,im,4,4.14
s329,3,pc,1,2.33
s329,3,pc,2,3.17
s329,3,pc,3,4.83
s329,3,pc,4,3.5
s329,3,pa,1,5.25
s329,3,pa,2,5
s329,3,pa,3,4.5
s329,3,pa,4,4.25
s330,3,im,1,5.29
s330,3,im,2,4.86
s330,3,im,3,4.71
s330,3,im,4,5.43
s330,3,pc,1,2.67
s330,3,pc,2,2.33
s330,3,pc,3,2.33
s330,3,pc,4,2.83
s330,3,pa,1,5.75
s330,3,pa,2,5.5
s330,3,pa,3,6
s330,3,pa,4,6
s331,3,im,1,4.71
s331,3,im,2,3.86
s331,3,im,3,4
s331,3,im,4,4
s331,3,pc,1,2.83
s331,3,pc,2,3.17
s331,3,pc,3,3.67
s331,3,pc,4,3.5
s331,3,pa,1,5
s331,3,pa,2,3.5
s331,3,pa,3,3
s331,3,pa,4,2.75
s332,3,im,1,5.14
s332,3,im,2,5.29
s332,3,im,3,5
s332,3,im,4,5.14
s332,3,pc,1,3.83
s332,3,pc,2,4
s332,3,pc,3,4.17
s332,3,pc,4,4.17
s332,3,pa,1,6.25
s332,3,pa,2,5
s332,3,pa,3,5.25
s332,3,pa,4,5.5
s333,3,im,1,3.86
s333,3,im,2,3.57
s333,3,im,3,3.57
s333,3,im,4,4
s333,3,pc,1,2.17
s333,3,pc,2,3.67
s333,3,pc,3,4
s333,3,pc,4,3.5
s333,3,pa,1,5.5
s333,3,pa,2,6
s333,3,pa,3,6
s333,3,pa,4,6
s334,3,im,1,6.14
s334,3,im,2,4.71
s334,3,im,3,5.29
s334,3,im,4,5.43
s334,3,pc,1,3.5
s334,3,pc,2,1.5
s334,3,pc,3,2.17
s334,3,pc,4,2.33
s334,3,pa,1,6.5
s334,3,pa,2,6
s334,3,pa,3,6.5
s334,3,pa,4,6.5
s335,3,im,1,6.57
s335,3,im,2,6.86
s335,3,im,3,7
s335,3,im,4,6.86
s335,3,pc,1,5.5
s335,3,pc,2,6
s335,3,pc,3,5
s335,3,pc,4,4.33
s335,3,pa,1,5
s335,3,pa,2,6.25
s335,3,pa,3,5
s335,3,pa,4,5
s336,3,im,1,5.14
s336,3,im,2,4.71
s336,3,im,3,4.29
s336,3,im,4,4.86
s336,3,pc,1,4.67
s336,3,pc,2,4.33
s336,3,pc,3,4.5
s336,3,pc,4,4.67
s336,3,pa,1,5.75
s336,3,pa,2,5.75
s336,3,pa,3,5.75
s336,3,pa,4,6
s337,3,im,1,5.43
s337,3,im,2,5.57
s337,3,im,3,5.57
s337,3,im,4,5.29
s337,3,pc,1,4.67
s337,3,pc,2,4.33
s337,3,pc,3,4.67
s337,3,pc,4,4.33
s337,3,pa,1,7
s337,3,pa,2,7
s337,3,pa,3,7
s337,3,pa,4,7
s338,3,im,1,5.14
s338,3,im,2,5.14
s338,3,im,3,5.29
s338,3,im,4,5.14
s338,3,pc,1,2.67
s338,3,pc,2,3
s338,3,pc,3,2.83
s338,3,pc,4,3.5
s338,3,pa,1,5.5
s338,3,pa,2,7
s338,3,pa,3,7
s338,3,pa,4,7
s339,3,im,1,4.71
s339,3,im,2,3.29
s339,3,im,3,4
s339,3,im,4,4.29
s339,3,pc,1,4.33
s339,3,pc,2,4.67
s339,3,pc,3,5
s339,3,pc,4,5
s339,3,pa,1,4.5
s339,3,pa,2,3
s339,3,pa,3,3.75
s339,3,pa,4,3.5
s340,3,im,1,5.29
s340,3,im,2,5.43
s340,3,im,3,4.71
s340,3,im,4,4.43
s340,3,pc,1,2.17
s340,3,pc,2,2.5
s340,3,pc,3,2.5
s340,3,pc,4,2.83
s340,3,pa,1,5.25
s340,3,pa,2,4.5
s340,3,pa,3,4.75
s340,3,pa,4,4.25
s341,3,im,1,5.14
s341,3,im,2,4.43
s341,3,im,3,4.57
s341,3,im,4,4.57
s341,3,pc,1,4.5
s341,3,pc,2,4
s341,3,pc,3,4
s341,3,pc,4,3.83
s341,3,pa,1,6.75
s341,3,pa,2,6.75
s341,3,pa,3,7
s341,3,pa,4,7
s342,3,im,1,4.29
s342,3,im,2,4.57
s342,3,im,3,4
s342,3,im,4,3.71
s342,3,pc,1,2
s342,3,pc,2,3.33
s342,3,pc,3,3.67
s342,3,pc,4,3.67
s342,3,pa,1,5
s342,3,pa,2,5.25
s342,3,pa,3,4.5
s342,3,pa,4,5.25
s343,3,im,1,6.29
s343,3,im,2,6.71
s343,3,im,3,6.71
s343,3,im,4,6.86
s343,3,pc,1,2.17
s343,3,pc,2,2.33
s343,3,pc,3,3.5
s343,3,pc,4,3.33
s343,3,pa,1,6.25
s343,3,pa,2,7
s343,3,pa,3,7
s343,3,pa,4,6.75
s344,3,im,1,4.86
s344,3,im,2,4.43
s344,3,im,3,4.14
s344,3,im,4,3.71
s344,3,pc,1,2.67
s344,3,pc,2,3.17
s344,3,pc,3,4
s344,3,pc,4,3.67
s344,3,pa,1,4.5
s344,3,pa,2,5
s344,3,pa,3,5.5
s344,3,pa,4,5.25
s345,3,im,1,5.57
s345,3,im,2,5.29
s345,3,im,3,5.14
s345,3,im,4,4.57
s345,3,pc,1,3.33
s345,3,pc,2,3
s345,3,pc,3,2.83
s345,3,pc,4,2.83
s345,3,pa,1,6
s345,3,pa,2,4
s345,3,pa,3,4
s345,3,pa,4,4
s346,3,im,1,4.71
s346,3,im,2,5.14
s346,3,im,3,5
s346,3,im,4,5
s346,3,pc,1,2.83
s346,3,pc,2,4
s346,3,pc,3,5.17
s346,3,pc,4,4.33
s346,3,pa,1,4.5
s346,3,pa,2,5.5
s346,3,pa,3,5.75
s346,3,pa,4,5.75
s347,3,im,1,4.43
s347,3,im,2,4.57
s347,3,im,3,5.29
s347,3,im,4,5.14
s347,3,pc,1,2.17
s347,3,pc,2,1.33
s347,3,pc,3,2.33
s347,3,pc,4,2
s347,3,pa,1,6
s347,3,pa,2,5.75
s347,3,pa,3,3.75
s347,3,pa,4,3
s348,3,im,1,5.43
s348,3,im,2,5.57
s348,3,im,3,5.14
s348,3,im,4,5.14
s348,3,pc,1,4.17
s348,3,pc,2,3.5
s348,3,pc,3,4.5
s348,3,pc,4,4.33
s348,3,pa,1,7
s348,3,pa,2,7
s348,3,pa,3,7
s348,3,pa,4,7
s349,3,im,1,5
s349,3,im,2,5.14
s349,3,im,3,5.71
s349,3,im,4,5
s349,3,pc,1,3
s349,3,pc,2,3.33
s349,3,pc,3,3.5
s349,3,pc,4,3.83
s349,3,pa,1,4.75
s349,3,pa,2,5
s349,3,pa,3,5
s349,3,pa,4,5.5
s350,3,im,1,5.71
s350,3,im,2,5.86
s350,3,im,3,6
s350,3,im,4,5.71
s350,3,pc,1,2.5
s350,3,pc,2,2.67
s350,3,pc,3,4
s350,3,pc,4,4
s350,3,pa,1,5.75
s350,3,pa,2,5.75
s350,3,pa,3,5.5
s350,3,pa,4,5.75
